<?xml version="1.0" encoding="UTF-8"?>
<!DOCTYPE tarjetas SYSTEM "Actividad%202.4.dtd">

<tarjetas>
    <info>
        <nombre>Pedro Pérez</nombre>
        <direccion>Gran Vía 45</direccion>
        <ciudad>Logroño</ciudad>
        <pais>España</pais>
        <codigoPostal>26006</codigoPostal>
    </info>

    <info>
        <apodo>El mañejas</apodo>
        <direccion>Gran Vía 45</direccion>
        <ciudad>Logroño</ciudad>
        <pais>España</pais>
        <codigoPostal>26006</codigoPostal>
    </info>
</tarjetas>