<?xml version="1.0" encoding="UTF-8"?>
<?xml-model href="Actividad%205.1.xsd"?>

<aeropuerto xmlns:xsi="http://www.w3.org/2001/XMLSchema-instance" xsi:noNamespaceSchemaLocation="Actividad%205.1.xsd">
    <avion>
        <modelo>AB320</modelo>
        <compañia>Ryanair</compañia>
        <num_vuelo>3589</num_vuelo>
        <prioridad>1</prioridad>
        <localizacion>
            <puerta>1</puerta>
            <letra>B</letra>
        </localizacion>
        <combustible>
            <litros>698.25</litros>
            <temperatura>22.3</temperatura>
        </combustible>
    </avion>
    <avion>
        <modelo>AB370</modelo>
        <compañia>Iberia</compañia>
        <num_vuelo>8111</num_vuelo>
        <prioridad>2</prioridad>
        <localizacion>
            <letra>C</letra>
            <puerta>2</puerta>
        </localizacion>
        <combustible>
            <litros>1500</litros>
            <temperatura>23.2</temperatura>
        </combustible>
    </avion>
    <avion>
        <modelo>HP111</modelo>
        <compañia>Emirates</compañia>
        <num_vuelo>1234</num_vuelo>
        <prioridad></prioridad>
        <localizacion>
            <puerta>7</puerta>
            <letra>B</letra>
        </localizacion>
        <combustible>
            <litros>1000</litros>
            <temperatura>23</temperatura>
        </combustible>
    </avion>
</aeropuerto>