<?xml version="1.0" encoding="UTF-8"?>

<Hospital xmlns:xsi="http://www.w3.org/2001/XMLSchema-instance" xsi:noNamespaceSchemaLocation="Actividades%206.3.xsd">
    <Paciente>
        <Nombre_Completo>
            <Nombre>José</Nombre>
            <Apellido>Jiménez Jémez</Apellido>
        </Nombre_Completo>
        <Habitacion camas="2">314</Habitacion>
        <Doctor titular="SÍ">
            <Doc_nombre>Casado</Doc_nombre>
            <Especialidad>Trauma</Especialidad>
        </Doctor>
        <Fecha_Nac>2000-01-12</Fecha_Nac>
        <Varón>true</Varón>
    </Paciente>
    
    <Paciente>
        <Nombre_Completo>
            <Nombre>Félix</Nombre>
            <Apellido>Fernández Flores</Apellido>
        </Nombre_Completo>
        <Habitacion camas="1">201</Habitacion>
        <Doctor>
            <Doc_nombre>Cifuentes</Doc_nombre>
            <Especialidad>Trauma</Especialidad>
        </Doctor>
        <Fecha_Nac>2001-02-13</Fecha_Nac>
        <Varón>true</Varón>
    </Paciente>

    <Paciente>
        <Nombre_Completo>
            <Nombre>Luisa</Nombre>
            <Apellido>Leris López</Apellido>
        </Nombre_Completo>
        <Habitacion camas="2">222</Habitacion>
        <Doctor titular="NO">
            <Doc_nombre>Imaz</Doc_nombre>
            <Especialidad>Pediatría</Especialidad>
        </Doctor>
        <Fecha_Nac>2002-04-15</Fecha_Nac>
        <Varón>false</Varón>
    </Paciente>
</Hospital>