﻿<?xml version="1.0" encoding="UTF-8"?>
<!DOCTYPE Videoclub SYSTEM "Actividad%203.6.dtd">

<Videoclub>
    <Pelicula Num_Ref="P1">
        <Titulo>
            Tomates Verdes Fritos
        </Titulo>
        <Pais>
            USA
        </Pais>
        <Directores>
            <Director>Jon Avnet</Director>
        </Directores>
        <Interpretar>
            <Intrepreta>Mary Stuart Masterson</Intrepreta>
            <Intrepreta>Mary Louise Parker</Intrepreta>
        </Interpretar>
        <Generos>
            <Genero>Drama</Genero>
            <Genero>Comedia</Genero>
        </Generos>
        <Duracion Formato="2D">100</Duracion>
        <AnoPublicacion>1991</AnoPublicacion>
    </Pelicula>

    <Pelicula Num_Ref="P2">
        <Titulo>
            El Hobbit
        </Titulo>
        <Pais>
            USA
        </Pais>
        <Directores>
            <Director></Director>
        </Directores>
        <Interpretar>
            <Intrepreta>Mary Stuart Masterson</Intrepreta>
            <Intrepreta>Mary Louise Parker</Intrepreta>
        </Interpretar>
        <Generos>
            <Genero>Aventura</Genero>
            <Genero>Fantasía</Genero>
        </Generos>
        <Duracion Formato="3D">169</Duracion>
        <AnoPublicacion>2012</AnoPublicacion>
    </Pelicula>

    <Pelicula Num_Ref="P3">
        <Titulo>
            Los amantes pasajeros
        </Titulo>
        <Pais>
            España
        </Pais>
        <Directores>
            <Director>Pedro Almodóvar</Director>
        </Directores>
        <Interpretar>
            <Interpreta>Javier Cámara</Interpreta>
            <Interpreta>Carlos Areces</Interpreta>
        </Interpretar>
        <Generos>
            <Genero>Comedia</Genero>
        </Generos>
        <Duracion Formato="2D">90</Duracion>
        <AnoPublicacion>2013</AnoPublicacion>
    </Pelicula>
</Videoclub>