<?xml version="1.0" encoding="UTF-8"?>

<Concesionario xmlns:xsi="http://www.w3.org/2001/XMLSchema-instance" xsi:noNamespaceSchemaLocation="Actividades%208.4.xsd">    
    <Coche>
        <Marca modelo="León">SEAT</Marca>
        <Matrícula>1234BBB</Matrícula>
        <Potencia combustible="gasoil">130</Potencia>
        <Plazas>5</Plazas>
        <Num_puertas>5</Num_puertas>
        <Bajas_emisiones/>
        <Vendido>
            <FechaVenta>2014-04-15</FechaVenta>
            <Comprador>
                <Nombre>Pepe</Nombre>
                <Apellidos>Pérez</Apellidos>
            </Comprador>
        </Vendido>
    </Coche>

    <Coche>
        <Marca modelo="406">Peugeot</Marca>
        <Matrícula>9067DYC</Matrícula>
        <Potencia combustible="gasolina">90</Potencia>
        <Plazas>5</Plazas>
        <Num_puertas>4</Num_puertas>
        <NoVendido fechaEntrada="2014-10-11" />
    </Coche>

    <Coche>
        <Marca modelo="serie 1">BMW</Marca>
        <Matrícula>5678CCC</Matrícula>
        <Potencia>150</Potencia>
        <Plazas>4</Plazas>
        <Num_puertas>3</Num_puertas>
        <NoVendido fechaEntrada="2013-12-12" />
    </Coche>
</Concesionario>